Country or Area,Year,Value,Value Footnotes
Albania,2017,8.2,1
Albania,2016,9.4,1
Albania,2015,8.2,1
Albania,2014,11.6,1
Albania,2012,6.2,2
Albania,2008,5.3,2
Albania,2005,8.7,2
Albania,2002,14.1,2
Albania,1996,11.2,3
Algeria,2011,3.7,4
Algeria,1995,23.5,5
Algeria,1988,24.5,6
Angola,2018,73.2,7
Angola,2008,60.6,8
Angola,2000,59.7,1
Argentina,2018,3.9,9
Argentina,2017,3.1,9
Argentina,2016,3.4,9
Argentina,2014,3.5,9
Argentina,2013,3.2,9
Argentina,2012,3.5,9
Argentina,2011,3.3,9
Argentina,2010,6.5,9
Argentina,2009,7,9
Argentina,2008,7.9,9
Argentina,2007,8,9
Argentina,2006,9.6,9
Argentina,2005,11.7,9
Argentina,2004,14.5,9
Argentina,2003,18,9
Argentina,2002,30.3,10
Argentina,2001,19.2,10
Argentina,2000,15.1,10
Argentina,1999,13.1,10
Argentina,1998,12.5,10
Argentina,1997,11.2,10
Argentina,1996,12,10
Argentina,1995,10.2,10
Argentina,1994,6.8,10
Argentina,1993,7,10
Argentina,1992,6.1,10
Argentina,1991,5.5,10
Argentina,1987,2.3,11
Argentina,1986,0,11
Argentina,1980,1.8,11
Armenia,2018,9.4,12
Armenia,2017,8.1,12
Armenia,2016,9.6,12
Armenia,2015,9.5,12
Armenia,2014,11.4,12
Armenia,2013,11.4,12
Armenia,2012,11.3,12
Armenia,2011,13.1,12
Armenia,2010,14.1,12
Armenia,2009,13.9,12
Armenia,2008,9.3,12
Armenia,2007,13.8,12
Armenia,2006,15.5,12
Armenia,2005,19.5,12
Armenia,2004,29,12
Armenia,2003,39.7,12
Armenia,2002,43.8,12
Armenia,2001,47.4,12
Armenia,1999,44.8,12
Australia,2014,0.7,13
Australia,2010,0.7,14
Australia,2008,0.7,13
Australia,2004,0.7,14
Australia,2003,1.2,13
Australia,2001,1,13
Australia,1995,1,13
Australia,1989,1,13
Australia,1985,1.3,15
Australia,1981,1.3,16
Austria,2017,0.4,17
Austria,2016,0.9,17
Austria,2015,0.7,17
Austria,2014,0.3,17
Austria,2013,0.4,17
Austria,2012,0.7,17
Austria,2011,0.6,17
Austria,2010,0.6,17
Austria,2009,0.7,17
Austria,2008,0.6,17
Austria,2007,0.6,17
Austria,2006,0.2,17
Austria,2005,0.2,17
Austria,2004,0.1,17
Austria,2003,0.4,17
Austria,2000,0.2,18
Austria,1997,0.5,18
Austria,1995,1.2,19
Austria,1994,0.5,18
Austria,1987,0,19
Azerbaijan,2005,0,1
Azerbaijan,2004,0.2,1
Azerbaijan,2003,0.9,1
Azerbaijan,2002,0.6,1
Azerbaijan,2001,16.7,1
Azerbaijan,1995,25.4,20
Bangladesh,2016,52.5,21
Bangladesh,2010,60.2,21
Bangladesh,2005,66,21
Bangladesh,2000,72.4,21
Bangladesh,1995,74.9,22
Bangladesh,1991,83.7,22
Bangladesh,1988,79.2,23
Bangladesh,1985,70.9,23
Bangladesh,1983,76.3,23
Belarus,2018,0,24
Belarus,2017,0,24
Belarus,2016,0,24
Belarus,2015,0,24
Belarus,2014,0,24
Belarus,2013,0,24
Belarus,2012,0.1,24
Belarus,2011,0.1,24
Belarus,2010,0.2,24
Belarus,2009,0.6,24
Belarus,2008,0.5,24
Belarus,2007,1.1,24
Belarus,2006,1.2,24
Belarus,2005,2.7,24
Belarus,2004,4.7,24
Belarus,2003,9.4,24
Belarus,2002,11.4,24
Belarus,2001,15.6,24
Belarus,2000,27.8,24
Belarus,1999,34.9,24
Belarus,1998,39.8,24
Belgium,2017,0.2,17
Belgium,2016,0.1,17
Belgium,2015,0.2,17
Belgium,2014,0.1,17
Belgium,2013,0.2,17
Belgium,2012,0.2,17
Belgium,2011,0.3,17
Belgium,2010,0.2,17
Belgium,2009,0.2,17
Belgium,2008,0.1,17
Belgium,2007,0.2,17
Belgium,2006,0.2,17
Belgium,2005,0.3,17
Belgium,2004,0.1,17
Belgium,2003,0.5,17
Belgium,2000,0.7,25
Belgium,1997,0.5,26
Belgium,1995,0.7,25
Belgium,1992,1,26
Belgium,1988,0.7,26
Belgium,1985,0.5,26
Belize,1999,27.7,27
Belize,1998,33.1,27
Belize,1997,34.8,27
Belize,1996,31.3,28
Belize,1994,26.3,27
Belize,1993,24.7,27
Benin,2015,76.3,29
Benin,2011,76.8,29
Benin,2003,78.4,30
Bhutan,2017,12.2,31
Bhutan,2012,14.7,31
Bhutan,2007,30.6,31
Bhutan,2003,45.3,31
Bolivia,2018,10.5,32
Bolivia,2017,11.6,32
Bolivia,2016,12.5,32
Bolivia,2015,11.6,32
Bolivia,2014,12.1,32
Bolivia,2013,12.2,32
Bolivia,2012,14.6,32
Bolivia,2011,13.9,32
Bolivia,2009,18.3,32
Bolivia,2008,20,32
Bolivia,2007,26.3,32
Bolivia,2006,28.5,32
Bolivia,2005,32,32
Bolivia,2004,28.9,33
Bolivia,2002,38.2,32
Bolivia,2001,36.1,32
Bolivia,2000,41.3,33
Bolivia,1999,38.1,33
Bolivia,1997,31.9,34
Bolivia,1992,37.1,35
Bolivia,1990,,36
Bosnia and Herzegovina,2011,0.7,1
Bosnia and Herzegovina,2007,0.4,1
Bosnia and Herzegovina,2004,0.6,2
Bosnia and Herzegovina,2001,0.9,2
Botswana,2015,36.5,37
Botswana,2009,35.5,38
Botswana,2002,48.7,21
Botswana,1993,54.3,39
Botswana,1985,62.2,39
Brazil,2018,9.1,40
Brazil,2017,9.1,40
Brazil,2016,8.8,40
Brazil,2015,7.7,40
Brazil,2014,7,40
Brazil,2013,7.9,40
Brazil,2012,9,40
Brazil,2011,10.2,41
Brazil,2009,12.4,41
Brazil,2008,13.4,41
Brazil,2007,15.6,41
Brazil,2006,17,41
Brazil,2005,19.6,41
Brazil,2004,21.4,41
Brazil,2003,23.3,41
Brazil,2002,22.3,41
Brazil,2001,23.3,41
Brazil,1999,27.1,41
Brazil,1998,25.3,41
Brazil,1997,27.5,41
Brazil,1996,27.2,41
Brazil,1995,26.8,41
Brazil,1993,36.3,41
Brazil,1992,37.1,41
Brazil,1990,38.3,41
Brazil,1989,33,41
Brazil,1988,35.7,41
Brazil,1987,33,41
Brazil,1986,23.2,41
Brazil,1985,41.5,41
Brazil,1984,46.4,41
Brazil,1983,47.1,41
Brazil,1982,39,41
Brazil,1981,39,41
Bulgaria,2017,3.3,17
Bulgaria,2016,4.6,17
Bulgaria,2015,6,17
Bulgaria,2014,3.9,17
Bulgaria,2013,5,17
Bulgaria,2012,5.4,17
Bulgaria,2011,5,17
Bulgaria,2010,4.4,17
Bulgaria,2009,2.9,17
Bulgaria,2008,3.4,17
Bulgaria,2007,4.8,17
Bulgaria,2006,11,17
Bulgaria,1992,,36
Burkina Faso,2014,76.7,42
Burkina Faso,2009,81.8,43
Burkina Faso,2003,80.5,43
Burkina Faso,1998,91.4,44
Burkina Faso,1994,92.9,45
Burundi,2013,89.6,46
Burundi,2006,93.1,30
Burundi,1998,95.4,47
Burundi,1992,95.1,6
CÃƒÂ´te d'Ivoire,2015,59.1,48
CÃƒÂ´te d'Ivoire,2008,59.1,48
CÃƒÂ´te d'Ivoire,2002,58.1,48
CÃƒÂ´te d'Ivoire,1998,60.6,48
CÃƒÂ´te d'Ivoire,1995,50.8,48
CÃƒÂ´te d'Ivoire,1992,51.4,47
CÃƒÂ´te d'Ivoire,1988,35.9,49
CÃƒÂ´te d'Ivoire,1987,28.2,49
CÃƒÂ´te d'Ivoire,1986,21.1,49
CÃƒÂ´te d'Ivoire,1985,20.6,49
Cabo Verde,2015,15.4,50
Cabo Verde,2007,26.9,30
Cabo Verde,2001,38.1,50
Cameroon,2014,47,51
Cameroon,2007,58.4,52
Cameroon,2001,55.8,53
Cameroon,1996,75.4,54
Canada,2017,0.5,55
Canada,2013,0.5,55
Canada,2010,0.2,56
Canada,2007,0.2,56
Canada,2004,0.2,56
Canada,2000,0.5,56
Canada,1998,0.5,56
Canada,1997,0.5,57
Canada,1994,0.2,57
Canada,1991,0.2,57
Canada,1987,0.2,57
Canada,1981,0.7,57
Canada,1975,1.2,57
Canada,1971,3,57
Central African Republic,2008,82.9,58
Central African Republic,2003,84.9,58
Central African Republic,1992,92.2,59
Chad,2011,66.3,60
Chad,2003,85.5,61
Chile,2017,0.7,62
Chile,2015,1,62
Chile,2013,1.3,62
Chile,2011,2.6,62
Chile,2009,4,62
Chile,2006,5.4,62
Chile,2003,11.2,62
Chile,2000,12.1,62
Chile,1998,11.1,62
Chile,1996,12.2,62
Chile,1994,15.2,62
Chile,1992,16.3,62
Chile,1990,22.2,62
Chile,1987,28.4,62
China,2016,5.4,63
China,2015,7,63
China,2014,9.5,63
China,2013,12.1,63
China,2012,20.2,63
China,2011,23.5,64
China,2010,28.6,64
China,2008,34.7,64
China,2005,43.2,64
China,2002,57.7,64
China,1999,68.4,64
China,1996,72.9,64
China,1993,83.4,64
China,1990,90,64
Colombia,2018,11.1,65
Colombia,2017,11.1,65
Colombia,2016,12,65
Colombia,2015,12.1,65
Colombia,2014,13.4,65
Colombia,2013,14.4,65
Colombia,2012,15.7,65
Colombia,2011,16.6,65
Colombia,2010,18.7,65
Colombia,2009,20.8,65
Colombia,2008,22.7,65
Colombia,2005,23.8,33
Colombia,2004,27,33
Colombia,2003,27.6,33
Colombia,2002,30.8,33
Colombia,2001,37.3,33
Colombia,2000,31.4,66
Colombia,1999,36.4,66
Colombia,1996,32.4,66
Colombia,1992,23.1,66
Comoros,2014,39.7,67
Comoros,2013,,68
Comoros,2004,37.4,69
Congo,2011,62.6,70
Congo,2005,76.2,70
Costa Rica,2018,3.7,71
Costa Rica,2017,2.9,71
Costa Rica,2016,3.8,71
Costa Rica,2015,4.1,71
Costa Rica,2014,4,71
Costa Rica,2013,4.2,71
Costa Rica,2012,4.3,71
Costa Rica,2011,4.4,71
Costa Rica,2010,4.2,71
Costa Rica,2009,5.7,72
Costa Rica,2008,5.3,72
Costa Rica,2007,5.4,72
Costa Rica,2006,7.8,72
Costa Rica,2005,8,72
Costa Rica,2004,9.3,72
Costa Rica,2003,9.8,72
Costa Rica,2002,10,72
Costa Rica,2001,10.9,72
Costa Rica,2000,13.9,72
Costa Rica,1999,13.4,72
Costa Rica,1998,11.4,72
Costa Rica,1997,14.1,72
Costa Rica,1996,17,72
Costa Rica,1995,14.5,72
Costa Rica,1994,13.9,72
Costa Rica,1993,16.4,72
Costa Rica,1992,20.5,72
Costa Rica,1991,23.7,72
Costa Rica,1990,19.7,72
Costa Rica,1989,22.5,72
Costa Rica,1986,27.3,73
Costa Rica,1981,43.1,73
Croatia,2017,1.1,17
Croatia,2016,1.3,17
Croatia,2015,1.3,17
Croatia,2014,1.8,17
Croatia,2013,2,17
Croatia,2012,2.2,17
Croatia,2011,1.9,17
Croatia,2010,2.3,17
Croatia,2009,1.7,17
Croatia,1988,,36
Cyprus,2017,0.1,17
Cyprus,2016,0.1,17
Cyprus,2015,0.1,17
Cyprus,2014,0.2,17
Cyprus,2013,0.2,17
Cyprus,2012,0,17
Cyprus,2011,0,17
Cyprus,2010,0.1,17
Cyprus,2009,0.1,17
Cyprus,2008,0,17
Cyprus,2007,0,17
Cyprus,2006,0,17
Cyprus,2005,0.1,17
Cyprus,2004,0.1,17
Czech Republic,2017,0.1,17
Czech Republic,2016,0.1,17
Czech Republic,2015,0,17
Czech Republic,2014,0.1,17
Czech Republic,2013,0.1,17
Czech Republic,2012,0.3,17
Czech Republic,2011,0.1,17
Czech Republic,2010,0.1,17
Czech Republic,2009,0.1,17
Czech Republic,2008,0.1,17
Czech Republic,2007,0.2,17
Czech Republic,2006,0.1,17
Czech Republic,2005,0.1,17
Czech Republic,2004,0,17
Czech Republic,2002,0,19
Czech Republic,1996,0.2,19
Czech Republic,1993,0,74
Czech Republic,1992,0,19
Dem. Rep. Congo,2012,91.4,75
Dem. Rep. Congo,2004,98.5,75
Denmark,2017,0.2,17
Denmark,2016,0.3,17
Denmark,2015,0.2,17
Denmark,2014,0.2,17
Denmark,2013,0.3,17
Denmark,2012,0,17
Denmark,2011,0,17
Denmark,2010,0.1,17
Denmark,2009,0.6,17
Denmark,2008,0.4,17
Denmark,2007,0.3,17
Denmark,2006,0.2,17
Denmark,2005,0.3,17
Denmark,2004,0.3,17
Denmark,2003,0.4,17
Denmark,2000,0,76
Denmark,1995,0.2,76
Denmark,1992,0.7,76
Denmark,1987,0.7,76
Djibouti,2017,39.8,77
Djibouti,2013,44.2,77
Djibouti,2012,38,77
Djibouti,2002,47.3,77
Dominican Republic,2018,2.6,78
Dominican Republic,2017,3.8,78
Dominican Republic,2016,5.9,79
Dominican Republic,2015,6.4,79
Dominican Republic,2014,7.8,79
Dominican Republic,2013,10.1,79
Dominican Republic,2012,11.1,79
Dominican Republic,2011,10.4,79
Dominican Republic,2010,12,79
Dominican Republic,2009,12.3,79
Dominican Republic,2008,13.7,79
Dominican Republic,2007,13.3,79
Dominican Republic,2006,13.8,79
Dominican Republic,2005,16.4,79
Dominican Republic,2004,22.5,79
Dominican Republic,2003,17.1,79
Dominican Republic,2002,14,79
Dominican Republic,2001,12.3,79
Dominican Republic,2000,12.9,79
Dominican Republic,1997,12.6,79
Dominican Republic,1996,13.5,79
Dominican Republic,1992,17.7,80
Dominican Republic,1989,30.9,81
Dominican Republic,1986,13.5,81
East Asia & Pacific,2018,7.2,82
East Asia & Pacific,2017,8.7,82
East Asia & Pacific,2016,10.3,82
East Asia & Pacific,2015,12,82
East Asia & Pacific,2014,14.5,82
East Asia & Pacific,2013,16.9,82
East Asia & Pacific,2012,22.9,82
East Asia & Pacific,2011,25.8,82
East Asia & Pacific,2010,29.9,82
East Asia & Pacific,2009,34,82
East Asia & Pacific,2008,37,82
East Asia & Pacific,2007,39.1,82
East Asia & Pacific,2006,42.8,82
East Asia & Pacific,2005,44.5,82
East Asia & Pacific,2004,49.7,82
East Asia & Pacific,2003,53.2,82
East Asia & Pacific,2002,56.6,82
East Asia & Pacific,2001,61,82
East Asia & Pacific,2000,63.6,82
East Asia & Pacific,1999,66.6,82
East Asia & Pacific,1998,69.3,82
East Asia & Pacific,1997,69.4,82
East Asia & Pacific,1996,70.2,82
East Asia & Pacific,1995,73.2,82
East Asia & Pacific,1994,76.3,82
East Asia & Pacific,1993,79.4,82
East Asia & Pacific,1992,81.6,82
East Asia & Pacific,1991,83.7,82
East Asia & Pacific,1990,85,82
East Asia & Pacific,1989,86.2,82
East Asia & Pacific,1988,83.5,82
East Asia & Pacific,1987,86.3,82
East Asia & Pacific,1986,88.3,82
East Asia & Pacific,1985,89.5,82
East Asia & Pacific,1984,90.8,82
East Asia & Pacific,1983,92.2,82
East Asia & Pacific,1982,92.9,82
East Asia & Pacific,1981,93.4,82
Ecuador,2018,9.7,83
Ecuador,2017,8.7,83
Ecuador,2016,9.4,83
Ecuador,2015,9.4,83
Ecuador,2014,8.6,83
Ecuador,2013,10.1,83
Ecuador,2012,11.5,83
Ecuador,2011,12.2,83
Ecuador,2010,14.8,83
Ecuador,2009,17.2,83
Ecuador,2008,18.2,83
Ecuador,2007,19.2,83
Ecuador,2006,19.8,83
Ecuador,2005,25.4,83
Ecuador,2004,31.9,83
Ecuador,2003,30.2,83
Ecuador,2000,50,84
Ecuador,1999,40.3,85
Ecuador,1998,,86
Ecuador,1994,34.9,85
Ecuador,1987,,36
Egypt,2017,28.9,87
Egypt,2015,18.2,87
Egypt,2012,19,87
Egypt,2010,23.7,87
Egypt,2008,33.5,87
Egypt,2004,35.4,87
Egypt,1999,26.7,88
Egypt,1995,41.6,88
Egypt,1990,40.5,88
El Salvador,2018,7.9,72
El Salvador,2017,8.7,72
El Salvador,2016,10.7,72
El Salvador,2015,10.2,72
El Salvador,2014,12.4,72
El Salvador,2013,12.7,72
El Salvador,2012,14.7,72
El Salvador,2011,16.7,72
El Salvador,2010,18.3,72
El Salvador,2009,19.4,72
El Salvador,2008,19.8,72
El Salvador,2007,15.3,72
El Salvador,2006,19.2,72
El Salvador,2005,23.1,72
El Salvador,2004,22.9,72
El Salvador,2003,27.2,72
El Salvador,2002,26.2,72
El Salvador,2001,26,72
El Salvador,2000,24.3,72
El Salvador,1999,29,72
El Salvador,1998,33.1,72
El Salvador,1996,29.2,72
El Salvador,1995,27.6,72
El Salvador,1991,37.2,72
El Salvador,1989,31.2,89
Estonia,2017,0.5,17
Estonia,2016,0.7,17
Estonia,2015,0.9,17
Estonia,2014,1.2,17
Estonia,2013,1.5,17
Estonia,2012,1.3,17
Estonia,2011,1.6,17
Estonia,2010,1.6,17
Estonia,2009,1.1,17
Estonia,2008,0.7,17
Estonia,2007,0.8,17
Estonia,2006,1.3,17
Estonia,2005,1.6,17
Estonia,2004,2.7,17
Estonia,2003,4.9,17
Estonia,1993,,36
Eswatini,2016,52.1,21
Eswatini,2009,65.1,21
Eswatini,2000,72,21
Eswatini,1994,92.1,39
Ethiopia,2015,70.5,90
Ethiopia,2010,74.5,90
Ethiopia,2004,80.2,90
Ethiopia,1999,91,90
Ethiopia,1995,90.1,90
Europe & Central Asia,2018,4.3,82
Europe & Central Asia,2017,4.7,82
Europe & Central Asia,2016,4.7,82
Europe & Central Asia,2015,5.3,82
Europe & Central Asia,2014,5.7,82
Europe & Central Asia,2013,5.6,82
Europe & Central Asia,2012,6.1,82
Europe & Central Asia,2011,6.4,82
Europe & Central Asia,2010,6.8,82
Europe & Central Asia,2009,6.9,82
Europe & Central Asia,2008,7.2,82
Europe & Central Asia,2007,8.4,82
Europe & Central Asia,2006,9.8,82
Europe & Central Asia,2005,11.5,82
Europe & Central Asia,2004,12.1,82
Europe & Central Asia,2003,14.3,82
Europe & Central Asia,2002,15,82
Europe & Central Asia,2001,16.9,82
Europe & Central Asia,2000,18.8,82
Europe & Central Asia,1999,21.2,82
Europe & Central Asia,1998,16.1,82
Europe & Central Asia,1997,15.8,82
Europe & Central Asia,1996,18.2,82
Europe & Central Asia,1995,17.3,82
Europe & Central Asia,1994,19,82
Europe & Central Asia,1993,15.3,82
Europe & Central Asia,1992,13.8,82
Europe & Central Asia,1991,11.7,82
Europe & Central Asia,1990,10.3,82
Fiji,2013,7.5,21
Fiji,2008,10.9,21
Fiji,2002,14.2,21
Finland,2017,0.1,17
Finland,2016,0.1,17
Finland,2015,0.1,17
Finland,2014,0.1,17
Finland,2013,0.1,17
Finland,2012,0.1,17
Finland,2011,0.1,17
Finland,2010,0.1,17
Finland,2009,0.1,17
Finland,2008,0.1,17
Finland,2007,0.1,17
Finland,2006,0.1,17
Finland,2005,0.1,17
Finland,2004,0.1,17
Finland,2003,0.1,17
Finland,2000,0,15
Finland,1995,0,15
Finland,1991,0,15
Finland,1987,0,15
Fragile and conflict affected situations,2017,61.4,
Fragile and conflict affected situations,2016,61.1,
Fragile and conflict affected situations,2014,58.2,
Fragile and conflict affected situations,2013,58.9,
Fragile and conflict affected situations,2012,59,
Fragile and conflict affected situations,2011,60.5,
Fragile and conflict affected situations,2010,61.6,
Fragile and conflict affected situations,2009,63.1,
Fragile and conflict affected situations,2008,63.8,
Fragile and conflict affected situations,2007,64.7,
Fragile and conflict affected situations,2006,65.8,
Fragile and conflict affected situations,2005,67.5,
Fragile and conflict affected situations,2004,68.7,
Fragile and conflict affected situations,2003,71.8,
Fragile and conflict affected situations,2002,70.2,
Fragile and conflict affected situations,2001,70.3,
France,2017,0,17
France,2016,0.1,17
France,2015,0.2,17
France,2014,0,17
France,2013,0.1,17
France,2012,0.1,17
France,2011,0.1,17
France,2010,0.1,17
France,2009,0.1,17
France,2008,0,17
France,2007,0,17
France,2006,0,17
France,2005,0.1,17
France,2004,0.1,17
France,2003,0.2,17
France,2000,0.2,92
France,1994,0.2,92
France,1989,1.2,92
France,1984,2,92
France,1978,1.5,92
Gabon,2017,11.2,93
Gabon,2005,25.8,93
Georgia,2018,15.5,94
Georgia,2017,16.1,94
Georgia,2016,16.1,94
Georgia,2015,15.7,94
Georgia,2014,17.8,94
Georgia,2013,20.8,94
Georgia,2012,25.4,94
Georgia,2011,28.3,94
Georgia,2010,30.6,94
Georgia,2009,28.9,94
Georgia,2008,28.9,94
Georgia,2007,32.5,94
Georgia,2006,30.1,94
Georgia,2005,30.1,94
Georgia,2004,27.8,94
Georgia,2003,30.1,94
Georgia,2002,29.9,94
Georgia,2001,46.4,94
Georgia,2000,44.2,94
Georgia,1999,41.3,94
Georgia,1998,34.6,94
Georgia,1997,35.8,94
Georgia,1996,16.7,95
Germany,2016,0.2,96
Germany,2015,0,96
Germany,2013,0,96
Germany,2011,0,96
Germany,2010,0.2,96
Germany,2009,0,96
Germany,2008,0.2,96
Germany,2007,0,96
Germany,2006,0,96
Germany,2005,0,96
Germany,2004,0.2,96
Germany,2003,0.2,96
Germany,2002,0,96
Germany,2001,0,96
Germany,2000,0.2,96
Germany,1998,0,96
Germany,1995,0.2,96
Germany,1994,0.2,96
Germany,1991,0,96
Ghana,2016,30.1,97
Ghana,2012,31.9,98
Ghana,2005,49.3,99
Ghana,1998,62.9,100
Ghana,1991,78.3,101
Ghana,1988,74.2,102
Ghana,1987,75,103
Greece,2017,1.6,17
Greece,2016,2.1,17
Greece,2015,2.9,17
Greece,2014,3,17
Greece,2013,2.7,17
Greece,2012,2.9,17
Greece,2011,2,17
Greece,2010,1.3,17
Greece,2009,0.7,17
Greece,2008,0.5,17
Greece,2007,0.8,17
Greece,2006,0.9,17
Greece,2005,0.5,17
Greece,2004,1,17
Greece,2003,0.7,17
Greece,2000,1,18
Greece,1995,2.2,18
Guatemala,2014,24.4,104
Guatemala,2006,24.3,104
Guatemala,2000,22.4,104
Guatemala,1998,28.3,105
Guatemala,1989,54.2,106
Guatemala,1986,68.8,106
Guinea,2012,70.9,107
Guinea,2007,82.6,107
Guinea,2002,84.5,108
Guinea,1994,73.8,109
Guinea,1991,98.5,110
Guinea-Bissau,2010,85.4,111
Guinea-Bissau,2002,84.5,112
Guinea-Bissau,1993,87.1,113
Guinea-Bissau,1991,63.8,114
Guyana,1998,25.2,115
Guyana,1992,54.9,115
Haiti,2012,50.3,116
High income,2018,0.9,
High income,2017,0.9,
High income,2016,0.9,
High income,2015,1.1,
High income,2014,1.1,
High income,2013,0.9,
High income,2012,0.9,
High income,2011,0.9,
High income,2010,0.8,
High income,2009,0.8,
High income,2008,0.9,
High income,2007,0.9,
High income,2006,1,
High income,2005,1.1,
High income,2004,1.2,
High income,2003,1.3,
High income,2002,1.3,
High income,2001,1.4,
High income,2000,1.5,
High income,1999,1.5,
High income,1998,1.2,
High income,1997,1.3,
High income,1996,1.9,
High income,1995,1.5,
High income,1994,2.4,
High income,1993,1.8,
High income,1992,1.2,
High income,1991,1.1,
High income,1990,1.2,
High income,1989,1.2,
High income,1988,1.3,
High income,1987,1.4,
High income,1986,1.5,
High income,1985,1.5,
High income,1984,1.6,
High income,1983,1.6,
High income,1982,1.6,
Honduras,2018,30.6,117
Honduras,2017,32.1,117
Honduras,2016,33.3,117
Honduras,2015,32.9,117
Honduras,2014,32.9,117
Honduras,2013,33.5,117
Honduras,2012,36.8,117
Honduras,2011,32.3,117
Honduras,2010,29.9,117
Honduras,2009,27.8,117
Honduras,2008,30.9,117
Honduras,2007,32.6,117
Honduras,2006,37.3,117
Honduras,2005,42,117
Honduras,2004,44.6,117
Honduras,2003,45.6,117
Honduras,2002,40.8,117
Honduras,2001,35.9,117
Honduras,1999,43.9,117
Honduras,1998,42.6,117
Honduras,1997,40.8,117
Honduras,1996,51.6,117
Honduras,1995,49.3,117
Honduras,1994,47,117
Honduras,1993,46.3,117
Honduras,1992,52.7,117
Honduras,1991,58,117
Honduras,1990,64.9,118
Honduras,1989,62.6,118
Hungary,2017,1.2,17
Hungary,2016,1.8,17
Hungary,2015,1.1,17
Hungary,2014,1,17
Hungary,2013,0.8,17
Hungary,2012,0.6,17
Hungary,2011,0.3,17
Hungary,2010,0.3,17
Hungary,2009,0.1,17
Hungary,2008,0.2,17
Hungary,2007,0.3,17
Hungary,2006,0.3,17
Hungary,2005,1.2,17
Hungary,2004,0.3,17
Hungary,1999,,86
Hungary,1994,,86
Hungary,1993,,36
Hungary,1991,,86
Hungary,1989,,36
Hungary,1987,,36
Iceland,2015,0,17
Iceland,2014,0,17
Iceland,2013,0.1,17
Iceland,2012,0.1,17
Iceland,2011,0.2,17
Iceland,2010,0.2,17
Iceland,2009,0.1,17
Iceland,2008,0.1,17
Iceland,2007,0.1,17
Iceland,2006,0.3,17
Iceland,2005,0.1,17
Iceland,2004,0.2,17
Iceland,2003,0,17
IDA total,2018,55.1,
IDA total,2017,56.9,
IDA total,2016,58.7,
IDA total,2015,59.6,
IDA total,2014,59.7,
IDA total,2013,61.2,
IDA total,2012,61.8,
IDA total,2011,63.6,
IDA total,2010,65,
IDA total,2009,66.6,
IDA total,2008,67.4,
IDA total,2007,68.8,
IDA total,2006,70.2,
IDA total,2005,71.3,
IDA total,2004,73.7,
IDA total,2003,76,
IDA total,2002,76.4,
IDA total,2001,76.5,
IDA total,2000,76.5,
IDA total,1999,76.7,
IDA total,1998,76.7,
IDA total,1997,76.4,
IDA total,1996,76.6,
IDA total,1995,78,
IDA total,1994,79.1,
IDA total,1993,79.2,
IDA total,1992,78.8,
IDA total,1991,79.4,
IDA total,1990,78.5,
IDA total,1989,78.5,
India,2011,61.7,119
India,2009,71,119
India,2004,76.2,119
India,1993,81.9,119
India,1987,83.6,120
India,1983,86.2,121
India,1977,88.7,121
Indonesia,2018,21.5,122
Indonesia,2017,24.6,122
Indonesia,2016,28.6,122
Indonesia,2015,30.5,122
Indonesia,2014,34.8,122
Indonesia,2013,37.6,122
Indonesia,2012,40.3,122
Indonesia,2011,41.9,122
Indonesia,2010,45,122
Indonesia,2009,51.1,122
Indonesia,2008,53.9,122
Indonesia,2007,55.2,122
Indonesia,2006,62.4,122
Indonesia,2005,57.3,122
Indonesia,2004,59.8,122
Indonesia,2003,59.8,122
Indonesia,2002,61.3,122
Indonesia,2001,74.6,122
Indonesia,2000,77.2,122
Indonesia,1999,77.6,122
Indonesia,1998,88.8,122
Indonesia,1996,77.6,122
Indonesia,1993,84.9,122
Indonesia,1990,85.4,123
Indonesia,1987,91.6,123
Indonesia,1984,90.6,123
Iran,2017,2.7,124
Iran,2016,3,124
Iran,2015,3,124
Iran,2014,3,124
Iran,2013,1.6,124
Iran,2009,4.5,124
Iran,2006,4.1,124
Iran,2005,3.9,124
Iran,1998,15.2,125
Iran,1994,17.2,125
Iran,1990,20.9,125
Iran,1986,22.5,125
Iraq,2012,14.8,126
Iraq,2006,15.7,126
Ireland,2016,0.4,17
Ireland,2015,0.4,17
Ireland,2014,0.5,17
Ireland,2013,0.8,17
Ireland,2012,0.5,17
Ireland,2011,0.7,17
Ireland,2010,0.8,17
Ireland,2009,0.6,17
Ireland,2008,0.3,17
Ireland,2007,0.1,17
Ireland,2006,0.5,17
Ireland,2005,0.1,17
Ireland,2004,0.1,17
Ireland,2003,0.2,17
Ireland,2000,0.2,127
Ireland,1996,0.2,127
Ireland,1995,0.5,127
Ireland,1994,0.5,127
Ireland,1987,1.5,128
Israel,2016,0.7,129
Israel,2014,1,129
Israel,2012,0.9,129
Israel,2010,1,129
Israel,2007,1,129
Israel,2005,1.2,129
Israel,2001,0.5,129
Israel,1997,0.7,129
Israel,1992,0.2,129
Israel,1986,0.7,129
Israel,1979,0.8,129
Italy,2017,1.8,17
Italy,2016,2.2,17
Italy,2015,2.5,17
Italy,2014,1.7,17
Italy,2013,2,17
Italy,2012,1.8,17
Italy,2011,1.5,17
Italy,2010,1.6,17
Italy,2009,1.3,17
Italy,2008,1,17
Italy,2007,1.1,17
Italy,2006,0.9,17
Italy,2005,1,17
Italy,2004,0.9,17
Italy,2003,1.1,17
Italy,2000,1.7,130
Italy,1998,2.2,130
Italy,1995,1,130
Italy,1993,1.9,130
Italy,1991,0.2,130
Italy,1989,0.2,130
Italy,1987,1.7,130
Italy,1986,0.5,130
Jamaica,2004,8.9,131
Jamaica,2002,11.3,131
Jamaica,1999,9.9,131
Jamaica,1996,14.1,131
Jamaica,1993,30.8,132
Jamaica,1990,20.4,131
Jamaica,1988,20.2,132
Japan,2013,0.9,133
Japan,2010,0.2,133
Japan,2008,0.7,133
Jordan,2010,2,134
Jordan,2008,2.8,134
Jordan,2006,3.9,134
Jordan,2002,8.6,134
Jordan,1997,13.4,135
Jordan,1992,16.7,135
Jordan,1986,2.6,135
Kazakhstan,2017,0.3,1
Kazakhstan,2016,0.6,1
Kazakhstan,2015,0.3,1
Kazakhstan,2014,0.2,1
Kazakhstan,2013,0.2,1
Kazakhstan,2012,0.4,1
Kazakhstan,2011,0.6,1
Kazakhstan,2010,1.5,1
Kazakhstan,2009,2,1
Kazakhstan,2008,1.7,1
Kazakhstan,2007,2.3,1
Kazakhstan,2006,4.8,1
Kazakhstan,2005,21.7,1
Kazakhstan,2004,14,1
Kazakhstan,2003,19.9,1
Kazakhstan,2002,24.9,1
Kazakhstan,2001,29.4,1
Kazakhstan,1996,21.8,2
Kenya,2015,66.5,136
Kenya,2005,69.6,136
Kenya,1997,59.8,137
Kenya,1994,60.9,138
Kenya,1992,54.4,139
Kiribati,2006,34.6,21
Korea,2012,0.5,140
Korea,2010,0.7,140
Korea,2008,0.5,140
Korea,2006,0.5,140
Kosovo,2017,3.6,141
Kosovo,2016,4.1,141
Kosovo,2015,3.5,141
Kosovo,2014,5.6,141
Kosovo,2013,3.9,141
Kosovo,2012,6.4,141
Kosovo,2011,11.1,141
Kosovo,2010,16,141
Kosovo,2009,15.9,141
Kosovo,2006,19.4,141
Kosovo,2005,20,141
Kosovo,2003,18.4,141
Kyrgyz Republic,2018,10.9,142
Kyrgyz Republic,2017,14.7,142
Kyrgyz Republic,2016,14.1,142
Kyrgyz Republic,2015,18.4,142
Kyrgyz Republic,2014,14.9,142
Kyrgyz Republic,2013,21.3,142
Kyrgyz Republic,2012,17.1,142
Kyrgyz Republic,2011,16.5,142
Kyrgyz Republic,2010,19,142
Kyrgyz Republic,2009,16,142
Kyrgyz Republic,2008,20.1,142
Kyrgyz Republic,2007,30.9,142
Kyrgyz Republic,2006,34.2,142
Kyrgyz Republic,2005,46.5,142
Kyrgyz Republic,2004,41.2,142
Kyrgyz Republic,2003,64.1,1
Kyrgyz Republic,2002,67,1
Kyrgyz Republic,2001,68.6,1
Kyrgyz Republic,2000,72.8,1
Kyrgyz Republic,1998,49.5,1
Lao PDR,2012,56.8,143
Lao PDR,2007,64,143
Lao PDR,2002,70.7,143
Lao PDR,1997,81.8,143
Lao PDR,1992,67.4,143
Latin America & Caribbean,2018,9.3,82
Latin America & Caribbean,2017,9.5,82
Latin America & Caribbean,2016,10.5,82
Latin America & Caribbean,2015,10.5,82
Latin America & Caribbean,2014,10.9,82
Latin America & Caribbean,2013,11.3,82
Latin America & Caribbean,2012,12,82
Latin America & Caribbean,2011,13.1,82
Latin America & Caribbean,2010,14.2,82
Latin America & Caribbean,2009,15.3,82
Latin America & Caribbean,2008,15.8,82
Latin America & Caribbean,2007,16.8,82
Latin America & Caribbean,2006,18,82
Latin America & Caribbean,2005,21.5,82
Latin America & Caribbean,2004,22.6,82
Latin America & Caribbean,2003,24.4,82
Latin America & Caribbean,2002,25.2,82
Latin America & Caribbean,2001,25.3,82
Latin America & Caribbean,2000,25.4,82
Latin America & Caribbean,1999,27.2,82
Latin America & Caribbean,1998,26.4,82
Latin America & Caribbean,1997,27.2,82
Latin America & Caribbean,1996,27.8,82
Latin America & Caribbean,1995,26.6,82
Latin America & Caribbean,1994,26.8,82
Latin America & Caribbean,1993,28.5,82
Latin America & Caribbean,1992,28.4,82
Latin America & Caribbean,1991,28.4,82
Latin America & Caribbean,1990,29.5,82
Latin America & Caribbean,1989,26.9,82
Latin America & Caribbean,1988,28.7,82
Latin America & Caribbean,1987,27.8,82
Latin America & Caribbean,1986,24.2,82
Latin America & Caribbean,1985,30.4,82
Latin America & Caribbean,1984,32.1,82
Latin America & Caribbean,1983,32.4,82
Latin America & Caribbean,1982,28.5,82
Latin America & Caribbean,1981,27.4,82
Latvia,2017,1.5,17
Latvia,2016,1.4,17
Latvia,2015,1.6,17
Latvia,2014,1.8,17
Latvia,2013,2.4,17
Latvia,2012,2.6,17
Latvia,2011,2.9,17
Latvia,2010,3.6,17
Latvia,2009,3.6,17
Latvia,2008,2.4,17
Latvia,2007,1.6,17
Latvia,2006,2.6,17
Latvia,2005,4.8,17
Latvia,2004,5.4,17
Latvia,1996,,36
Latvia,1995,,36
Latvia,1993,,36
Lebanon,2011,0.1,141
Lesotho,2017,50.3,144
Lesotho,2010,,68
Lesotho,2002,80.4,1
Lesotho,1994,64.6,145
Lesotho,1986,69.4,146
Liberia,2016,75.6,21
Liberia,2014,76.4,21
Liberia,2007,91.3,147
Lithuania,2017,1.5,17
Lithuania,2016,2.2,17
Lithuania,2015,1.4,17
Lithuania,2014,2.7,17
Lithuania,2013,2,17
Lithuania,2012,2,17
Lithuania,2011,1.5,17
Lithuania,2010,3.1,17
Lithuania,2009,4.3,17
Lithuania,2008,2.3,17
Lithuania,2007,1.9,17
Lithuania,2006,2.8,17
Lithuania,2005,4.3,17
Lithuania,2004,7,17
Lithuania,1993,,36
Low & middle income,2017,28.7,
Low & middle income,2016,30.3,
Low & middle income,2015,31.7,
Low & middle income,2014,33.1,
Low & middle income,2013,34.7,
Low & middle income,2012,37.5,
Low & middle income,2011,39.4,
Low & middle income,2010,42.4,
Low & middle income,2009,44.9,
Low & middle income,2008,46.3,
Low & middle income,2007,47.6,
Low & middle income,2006,49.5,
Low & middle income,2005,51,
Low & middle income,2004,53.7,
Low & middle income,2003,55.9,
Low & middle income,2002,57.2,
Low & middle income,2001,58.9,
Low & middle income,2000,60.1,
Low & middle income,1999,61.7,
Low & middle income,1998,62.4,
Low & middle income,1997,62.7,
Low & middle income,1996,63.3,
Low & middle income,1995,64.7,
Low & middle income,1994,66.1,
Low & middle income,1993,67.2,
Low & middle income,1992,68,
Low & middle income,1991,68.7,
Low & middle income,1990,68.7,
Low & middle income,1989,68.9,
Low & middle income,1988,67.9,
Low & middle income,1987,69.2,
Low & middle income,1986,69.6,
Low & middle income,1985,70.8,
Low & middle income,1984,71.7,
Low & middle income,1983,72.5,
Low & middle income,1982,72.5,
Low & middle income,1981,72.4,
Low income,2017,72.1,
Low income,2016,72.8,
Low income,2015,72.6,
Low income,2014,71.7,
Low income,2013,71.5,
Low income,2012,71.7,
Low income,2011,72.5,
Low income,2010,72.6,
Low income,2009,73.3,
Low income,2008,73.6,
Low income,2007,74.7,
Low income,2006,75.8,
Low income,2005,76.6,
Low income,2004,78.3,
Low income,2003,80.4,
Low income,2002,80.3,
Low income,2001,80.3,
Low income,2000,81.4,
Low income,1999,81.8,
Low income,1997,81.5,
Low income,1996,82,
Low income,1995,82.5,
Lower middle income,2014,47.8,
Lower middle income,2013,50,
Lower middle income,2012,51.8,
Lower middle income,2011,54,
Lower middle income,2010,57.6,
Lower middle income,2009,60.7,
Lower middle income,2008,62,
Lower middle income,2007,63.1,
Lower middle income,2006,64.5,
Lower middle income,2005,65.6,
Lower middle income,2004,67.4,
Lower middle income,2003,68.5,
Lower middle income,2002,69.5,
Lower middle income,1996,71.4,
Lower middle income,1995,72.5,
Lower middle income,1994,73.1,
Lower middle income,1993,73.3,
Lower middle income,1992,73.3,
Lower middle income,1991,73.8,
Lower middle income,1990,73.4,
Lower middle income,1989,73.8,
Lower middle income,1988,73.9,
Lower middle income,1987,74.7,
Lower middle income,1986,74.7,
Lower middle income,1985,74.9,
Lower middle income,1984,75.6,
Lower middle income,1983,76,
Lower middle income,1982,76.3,
Lower middle income,1981,75.9,
Luxembourg,2017,0.4,17
Luxembourg,2016,0.1,17
Luxembourg,2015,0.4,17
Luxembourg,2014,0.2,17
Luxembourg,2013,0.1,17
Luxembourg,2012,0.1,17
Luxembourg,2011,0.1,17
Luxembourg,2010,0,17
Luxembourg,2009,0.1,17
Luxembourg,2008,0,17
Luxembourg,2007,0,17
Luxembourg,2006,0,17
Luxembourg,2005,0.1,17
Luxembourg,2004,0,17
Luxembourg,2003,0.1,17
Luxembourg,2000,0,148
Luxembourg,1997,0,148
Luxembourg,1994,0,148
Luxembourg,1991,0,149
Luxembourg,1985,0.2,149
Madagascar,2012,90.9,150
Madagascar,2010,91.2,151
Madagascar,2005,89.2,151
Madagascar,2001,84.6,151
Madagascar,1999,86.2,151
Madagascar,1997,87.2,151
Madagascar,1993,88.6,151
Madagascar,1980,71.1,152
Malawi,2016,89.6,153
Malawi,2010,89.2,154
Malawi,2004,90.8,155
Malawi,1997,85,156
Malaysia,2015,0.2,157
Malaysia,2013,0.4,157
Malaysia,2011,1.2,157
Malaysia,2008,4.3,157
Malaysia,2007,3.4,157
Malaysia,2004,2.6,157
Malaysia,1997,7.3,158
Malaysia,1995,11.5,158
Malaysia,1992,11.8,158
Malaysia,1989,11.7,158
Malaysia,1987,12.7,158
Malaysia,1984,12.9,158
Maldives,2016,0.2,21
Maldives,2009,16.6,21
Maldives,2002,24.7,21
Mali,2009,79.8,159
Mali,2006,78,159
Mali,2001,80.9,160
Mali,1994,93.5,161
Malta,2017,0.2,17
Malta,2016,0.2,17
Malta,2015,0.1,17
Malta,2014,0,17
Malta,2013,0,17
Malta,2012,0.3,17
Malta,2011,0.4,17
Malta,2010,0.3,17
Malta,2009,0.5,17
Malta,2008,0.2,17
Malta,2007,0.6,17
Malta,2006,0.6,17
Mauritania,2014,24.1,162
Mauritania,2008,34.4,162
Mauritania,2004,42.5,162
Mauritania,2000,45.5,162
Mauritania,1995,49.7,162
Mauritania,1993,69.6,163
Mauritania,1987,65.7,164
Mauritius,2017,2.2,1
Mauritius,2012,3.2,1
Mauritius,2006,3.6,1
Mexico,2018,6.5,165
Mexico,2016,7.8,165
Mexico,2014,11.8,166
Mexico,2012,12.1,166
Mexico,2010,12.6,166
Mexico,2008,14.4,166
Mexico,2006,13,166
Mexico,2005,16,166
Mexico,2004,15.8,166
Mexico,2002,18.8,166
Mexico,2000,21,166
Mexico,1998,30.8,166
Mexico,1996,38.9,166
Mexico,1994,23.5,166
Mexico,1992,23,166
Mexico,1989,19,166
Micronesia,2013,38.7,21
Micronesia,2005,24.6,21
Middle East & North Africa,2018,20.3,82
Middle East & North Africa,2017,18.5,82
Middle East & North Africa,2016,16.7,82
Middle East & North Africa,2015,15.3,82
Middle East & North Africa,2014,13.8,82
Middle East & North Africa,2013,13.1,82
Middle East & North Africa,2012,13.3,82
Middle East & North Africa,2011,13.7,82
Middle East & North Africa,2010,14.1,82
Middle East & North Africa,2009,15.6,82
Middle East & North Africa,2008,17.1,82
Middle East & North Africa,2007,17.7,82
Middle East & North Africa,2006,18.3,82
Middle East & North Africa,2005,19.2,82
Middle East & North Africa,2004,20.3,82
Middle East & North Africa,2003,23.2,82
Middle East & North Africa,2002,20.6,82
Middle East & North Africa,2001,20.3,82
Middle East & North Africa,2000,21.2,82
Middle East & North Africa,1999,22.1,82
Middle East & North Africa,1998,23.7,82
Middle East & North Africa,1997,27.4,82
Middle East & North Africa,1996,29.3,82
Middle East & North Africa,1995,30,82
Middle East & North Africa,1994,29.3,82
Middle East & North Africa,1993,29.9,82
Middle East & North Africa,1992,30.7,82
Middle East & North Africa,1991,32.1,82
Middle East & North Africa,1990,27.3,82
Middle East & North Africa,1989,30.7,82
Middle East & North Africa,1988,31,82
Middle East & North Africa,1987,31.5,82
Middle East & North Africa,1986,31.7,82
Middle East & North Africa,1985,32,82
Middle East & North Africa,1984,,167
Moldova,2018,0.9,1
Moldova,2017,1,1
Moldova,2016,1.2,1
Moldova,2015,1.3,1
Moldova,2014,1.1,1
Moldova,2013,2.1,1
Moldova,2012,3.1,1
Moldova,2011,4.1,1
Moldova,2010,6,1
Moldova,2009,7.9,1
Moldova,2008,9,1
Moldova,2007,7.7,1
Moldova,2006,12.2,1
Moldova,2005,39.8,146
Moldova,2004,32,1
Moldova,2003,31.6,1
Moldova,2002,43.5,1
Moldova,2001,59.1,1
Moldova,2000,68.1,1
Moldova,1999,69,1
Moldova,1998,56.5,1
Moldova,1997,42.9,1
Mongolia,2018,5.2,168
Mongolia,2016,6.5,168
Mongolia,2014,3,168
Mongolia,2012,4.1,168
Mongolia,2011,6.6,168
Mongolia,2010,9.6,168
Mongolia,2007,11.4,169
Mongolia,2002,32.7,170
Mongolia,1998,59.2,171
Mongolia,1995,35.9,171
Montenegro,2015,8,172
Montenegro,2014,8.6,172
Montenegro,2013,8.3,172
Montenegro,2012,10.5,172
Montenegro,2011,,68
Montenegro,2010,,68
Montenegro,2009,,68
Montenegro,2008,,68
Montenegro,2007,,68
Montenegro,2006,,68
Montenegro,2005,,68
Morocco,2013,7.3,173
Morocco,2006,16.2,174
Morocco,2000,26.7,173
Morocco,1998,27.4,175
Morocco,1990,18.6,176
Morocco,1984,31.9,177
Mozambique,2014,82.4,178
Mozambique,2008,88.9,178
Mozambique,2002,92.3,179
Mozambique,1996,91.4,180
Myanmar,2017,15,181
Myanmar,2015,24.6,182
Namibia,2015,30.3,183
Namibia,2009,48,183
Namibia,2003,57.1,183
Nepal,2010,50.8,184
Nepal,2003,77.9,185
Nepal,1995,88.7,186
Netherlands,2017,0.3,17
Netherlands,2016,0.2,17
Netherlands,2015,0.1,17
Netherlands,2014,0.2,17
Netherlands,2013,0.1,17
Netherlands,2012,0.1,17
Netherlands,2011,0.2,17
Netherlands,2010,0.1,17
Netherlands,2009,0.2,17
Netherlands,2008,0.2,17
Netherlands,2007,0.1,17
Netherlands,2006,0.1,17
Netherlands,2005,0.2,17
Netherlands,2004,0.4,17
Netherlands,1999,0.5,26
Netherlands,1993,2,26
Netherlands,1990,1.5,187
Netherlands,1987,0.5,187
Netherlands,1983,1.5,187
Nicaragua,2014,13.1,188
Nicaragua,2009,23,188
Nicaragua,2005,27.4,188
Nicaragua,2001,38.2,188
Nicaragua,1998,46.2,188
Nicaragua,1993,57.1,188
Niger,2014,77.2,189
Niger,2011,83.7,189
Niger,2007,90.6,190
Niger,2005,90.9,191
Niger,1994,94,192
Niger,1992,94,193
Nigeria,2018,71,169
Nigeria,2009,79.5,169
Nigeria,2003,81.7,169
Nigeria,1996,83.4,194
Nigeria,1992,79,194
Nigeria,1985,80.4,195
North Macedonia,2017,9,172
North Macedonia,2016,9.6,172
North Macedonia,2015,10.1,172
North Macedonia,2014,10.5,172
North Macedonia,2013,12,172
North Macedonia,2012,14.1,172
North Macedonia,2011,15.5,172
North Macedonia,2010,17.9,172
North Macedonia,2009,18.6,172
Norway,2017,0.3,17
Norway,2016,0.4,17
Norway,2015,0.2,17
Norway,2014,0.1,17
Norway,2013,0.2,17
Norway,2012,0.2,17
Norway,2011,0.1,17
Norway,2010,0.2,17
Norway,2009,0.1,17
Norway,2008,0.3,17
Norway,2007,0.2,17
Norway,2006,0.3,17
Norway,2005,0.3,17
Norway,2004,0.3,17
Norway,2003,0.2,17
Norway,2000,0.2,15
Norway,1995,0.5,15
Norway,1991,0.5,15
Norway,1986,0.2,15
Norway,1979,0.5,15
Pakistan,2015,35.1,196
Pakistan,2013,40,196
Pakistan,2011,46.6,196
Pakistan,2010,48,196
Pakistan,2007,55.6,196
Pakistan,2005,59.8,196
Pakistan,2004,60.5,196
Pakistan,2001,72.5,197
Pakistan,1998,66.2,21
Pakistan,1996,63.7,198
Pakistan,1990,87.4,21
Pakistan,1987,88,21
Panama,2018,5.2,32
Panama,2017,6.3,32
Panama,2016,7,32
Panama,2015,6.7,32
Panama,2014,8.3,32
Panama,2013,8.1,32
Panama,2012,10,32
Panama,2011,8.6,32
Panama,2010,10.7,32
Panama,2009,9.5,32
Panama,2008,11.8,32
Panama,2007,16.5,32
Panama,2006,19,32
Panama,2005,18.6,32
Panama,2004,19.6,32
Panama,2003,20.5,32
Panama,2002,21.6,32
Panama,2001,24.9,32
Panama,2000,20.1,32
Panama,1999,21.2,32
Panama,1998,23.6,32
Panama,1997,23.3,32
Panama,1995,24.7,32
Panama,1991,31.3,199
Panama,1989,34.3,199
Panama,1979,20.9,200
Papua New Guinea,2009,65.6,21
Papua New Guinea,1996,73.6,21
Paraguay,2018,5.8,201
Paraguay,2017,5.2,201
Paraguay,2016,6.7,201
Paraguay,2015,6.6,201
Paraguay,2014,6.8,201
Paraguay,2013,6.3,201
Paraguay,2012,9.1,201
Paraguay,2011,12.3,201
Paraguay,2010,12.7,201
Paraguay,2009,13.4,201
Paraguay,2008,13.3,201
Paraguay,2007,16,201
Paraguay,2006,18.7,201
Paraguay,2005,13.8,201
Paraguay,2004,16.2,201
Paraguay,2003,18.7,201
Paraguay,2002,25.9,201
Paraguay,2001,17.6,35
Paraguay,1999,19.3,201
Paraguay,1997,19.2,35
Paraguay,1995,22.7,32
Paraguay,1990,4.2,32
Peru,2018,8.5,71
Peru,2017,9.9,71
Peru,2016,10.1,71
Peru,2015,10.4,71
Peru,2014,10.7,71
Peru,2013,11.5,71
Peru,2012,12.3,71
Peru,2011,13.4,71
Peru,2010,14.9,71
Peru,2009,17.3,71
Peru,2008,19.6,71
Peru,2007,23.2,71
Peru,2006,27,71
Peru,2005,30.9,71
Peru,2004,28.6,71
Peru,2003,28,71
Peru,2002,29.7,71
Peru,2001,33.1,71
Peru,2000,30.9,71
Peru,1999,33.1,71
Peru,1998,31.9,71
Peru,1997,33.2,71
Philippines,2015,25.8,202
Philippines,2012,33.3,202
Philippines,2009,34,202
Philippines,2006,38.2,202
Philippines,2003,36,202
Philippines,2000,37.9,202
Poland,2017,0.6,17
Poland,2016,0.5,17
Poland,2015,0.8,17
Poland,2014,1,17
Poland,2013,0.9,17
Poland,2012,0.7,17
Poland,2011,0.8,17
Poland,2010,1,17
Poland,2009,0.9,17
Poland,2008,0.6,17
Poland,2007,1.1,17
Poland,2006,1.6,17
Poland,2005,2.4,17
Poland,2004,4.5,17
Poland,1999,,86
Poland,1995,,86
Poland,1992,,86
Poland,1989,,36
Poland,1987,,36
Poland,1986,,86
Poland,1985,,36
Portugal,2017,0.7,17
Portugal,2016,0.7,17
Portugal,2015,1.1,17
Portugal,2014,1.4,17
Portugal,2013,1.6,17
Portugal,2012,1.5,17
Portugal,2011,0.9,17
Portugal,2010,0.4,17
Portugal,2009,0.4,17
Portugal,2008,0.9,17
Portugal,2007,0.8,17
Portugal,2006,0.5,17
Portugal,2005,1.1,17
Portugal,2004,1,17
Portugal,2003,1.5,17
Romania,2017,6.3,17
Romania,2016,8.3,17
Romania,2015,11,17
Romania,2014,12.6,17
Romania,2013,14,17
Romania,2012,12.2,17
Romania,2011,11.5,17
Romania,2010,10.2,17
Romania,2009,9,17
Romania,2008,9.3,17
Romania,2007,12.2,17
Romania,2006,16.5,17
Romania,1997,,86
Romania,1995,,86
Romania,1994,,36
Romania,1992,,36
Romania,1989,,36
Russia,2018,0.4,1
Russia,2017,0.4,1
Russia,2016,0.4,1
Russia,2015,0.4,1
Russia,2014,0.3,1
Russia,2013,0.4,1
Russia,2012,0.5,1
Russia,2011,0.5,1
Russia,2010,0.8,1
Russia,2009,0.9,1
Russia,2008,0.9,1
Russia,2007,2,1
Russia,2006,3.3,1
Russia,2005,4.5,1
Russia,2004,5.6,1
Russia,2003,6.6,1
Russia,2002,6.6,1
Russia,2001,8.9,1
Russia,2000,13.1,1
Russia,1999,16.8,1
Russia,1998,10.3,1
Russia,1997,7.6,1
Russia,1996,13.6,146
Russia,1993,13.2,146
Rwanda,2016,80.3,203
Rwanda,2013,81.9,204
Rwanda,2010,84,205
Rwanda,2005,85.6,206
Rwanda,2000,90.6,207
Rwanda,1984,,208
SÃƒÂ£o TomÃƒÂ© and Principe,2017,65.4,178
SÃƒÂ£o TomÃƒÂ© and Principe,2010,72,178
SÃƒÂ£o TomÃƒÂ© and Principe,2000,66.4,178
Samoa,2013,9.6,21
Samoa,2008,9.7,21
Samoa,2002,11.9,21
Senegal,2011,68.4,209
Senegal,2005,67.7,210
Senegal,2001,76.7,211
Senegal,1994,83.3,212
Senegal,1991,84.5,163
Serbia,2017,8.9,17
Serbia,2016,10.9,17
Serbia,2015,11.6,17
Serbia,2014,12.2,17
Serbia,2013,11.5,17
Serbia,2012,10,17
Seychelles,2013,3.1,213
Sierra Leone,2018,76,214
Sierra Leone,2011,82.6,214
Sierra Leone,2003,88.8,214
Sierra Leone,1989,86.1,215
Slovak Republic,2016,1.8,17
Slovak Republic,2015,1,17
Slovak Republic,2014,1.2,17
Slovak Republic,2013,0.8,17
Slovak Republic,2012,0.7,17
Slovak Republic,2011,0.7,17
Slovak Republic,2010,0.8,17
Slovak Republic,2009,0.9,17
Slovak Republic,2008,0.8,17
Slovak Republic,2007,0.9,17
Slovak Republic,2006,0.8,17
Slovak Republic,2005,0.4,17
Slovak Republic,2004,0.7,17
Slovak Republic,1996,,86
Slovak Republic,1992,,86
Slovenia,2017,0,17
Slovenia,2016,0,17
Slovenia,2015,0,17
Slovenia,2014,0,17
Slovenia,2013,0.1,17
Slovenia,2012,0,17
Slovenia,2011,0,17
Slovenia,2010,0,17
Slovenia,2009,0,17
Slovenia,2008,0,17
Slovenia,2007,0.1,17
Slovenia,2006,0.1,17
Slovenia,2005,0.2,17
Slovenia,2004,0.2,17
Slovenia,1999,,86
Slovenia,1997,,86
Slovenia,1993,,36
Slovenia,1987,,36
Solomon Islands,2013,58.8,21
Solomon Islands,2005,70.6,21
South Africa,2014,37.3,216
South Africa,2010,35.6,217
South Africa,2008,36.8,216
South Africa,2005,48.4,217
South Africa,2000,53.2,39
South Africa,1996,55.8,21
South Africa,1993,49.9,218
South Asia,2014,52.4,82
South Asia,2013,55.1,82
South Asia,2012,57.7,82
South Asia,2011,60.1,82
South Asia,2010,64.9,82
South Asia,2009,67.8,82
South Asia,2008,68.8,82
South Asia,2007,69.9,82
South Asia,2006,71.4,82
South Asia,2005,72.2,82
South Asia,2004,74.2,82
South Asia,2003,75.5,82
South Asia,2002,76.2,82
South Asia,1996,78,82
South Asia,1995,79.3,82
South Asia,1994,80.4,82
South Asia,1993,81.1,82
South Asia,1992,81.5,82
South Asia,1991,82.6,82
South Asia,1990,82.4,82
South Asia,1989,82.7,82
South Asia,1988,82.6,82
South Asia,1987,83.6,82
South Asia,1986,83.7,82
South Asia,1985,83.9,82
South Asia,1984,84.9,82
South Asia,1983,85.5,82
South Asia,1982,86.3,82
South Asia,1981,86.1,82
South Sudan,2009,67,219
Spain,2017,1.1,17
Spain,2016,1.7,17
Spain,2015,1.5,17
Spain,2014,1.5,17
Spain,2013,1.7,17
Spain,2012,1.6,17
Spain,2011,1.7,17
Spain,2010,1.1,17
Spain,2009,1.1,17
Spain,2008,0.9,17
Spain,2007,0.7,17
Spain,2006,1.1,17
Spain,2005,1.1,17
Spain,2004,1.3,17
Spain,2003,1.2,17
Spain,2000,0.7,18
Spain,1995,1.7,18
Spain,1990,1,92
Spain,1985,1.2,92
Spain,1980,1.7,92
Sri Lanka,2016,10.8,21
Sri Lanka,2012,16.9,21
Sri Lanka,2009,19.4,21
Sri Lanka,2006,24.6,21
Sri Lanka,2002,37.3,21
Sri Lanka,1995,42.7,220
Sri Lanka,1990,44.5,21
Sri Lanka,1985,46.8,221
St. Lucia,2016,10.2,222
St. Lucia,1995,62.2,223
Sub-Saharan Africa,2018,66.6,82
Sub-Saharan Africa,2017,67.3,82
Sub-Saharan Africa,2016,68,82
Sub-Saharan Africa,2015,68.1,82
Sub-Saharan Africa,2014,68.4,82
Sub-Saharan Africa,2013,69.2,82
Sub-Saharan Africa,2012,69.4,82
Sub-Saharan Africa,2011,70.6,82
Sub-Saharan Africa,2010,72,82
Sub-Saharan Africa,2009,73,82
Sub-Saharan Africa,2008,73.2,82
Sub-Saharan Africa,2007,74,82
Sub-Saharan Africa,2006,74.7,82
Sub-Saharan Africa,2005,75.8,82
Sub-Saharan Africa,2004,77,82
Sub-Saharan Africa,2003,78.4,82
Sub-Saharan Africa,2002,78.3,82
Sub-Saharan Africa,2001,78.7,82
Sub-Saharan Africa,2000,79.3,82
Sub-Saharan Africa,1999,79.3,82
Sub-Saharan Africa,1998,79.2,82
Sub-Saharan Africa,1997,79,82
Sub-Saharan Africa,1996,79.1,82
Sub-Saharan Africa,1995,79.7,82
Sub-Saharan Africa,1994,80,82
Sub-Saharan Africa,1993,79.5,82
Sub-Saharan Africa,1992,78.4,82
Sub-Saharan Africa,1991,77.1,82
Sub-Saharan Africa,1990,76.1,82
Sudan,2014,44,224
Sudan,2009,42.1,224
Suriname,1999,42.8,225
Sweden,2017,0.3,17
Sweden,2016,0.5,17
Sweden,2015,0.8,17
Sweden,2014,0.6,17
Sweden,2013,0.8,17
Sweden,2012,0.5,17
Sweden,2011,0.8,17
Sweden,2010,0.7,17
Sweden,2009,0.6,17
Sweden,2008,0.7,17
Sweden,2007,0.5,17
Sweden,2006,0.5,17
Sweden,2005,1.2,17
Sweden,2004,0.5,17
Sweden,2003,0.4,17
Sweden,2000,0,16
Sweden,1995,0.5,16
Sweden,1992,0.2,16
Sweden,1987,0.2,16
Sweden,1981,0.5,16
Sweden,1975,0.5,16
Sweden,1967,9,226
Switzerland,2017,0,17
Switzerland,2016,0.1,17
Switzerland,2015,0,17
Switzerland,2014,0,17
Switzerland,2013,0,17
Switzerland,2012,0,17
Switzerland,2011,0,17
Switzerland,2010,0.1,17
Switzerland,2009,0.1,17
Switzerland,2008,0.1,17
Switzerland,2007,0.1,17
Switzerland,2006,0.1,17
Switzerland,2002,0,227
Switzerland,2000,0.2,227
Switzerland,1992,0.7,228
Switzerland,1982,0.7,229
Syrian Arab Republic,2004,15.3,141
Tajikistan,2015,17.8,230
Tajikistan,2009,22.4,231
Tajikistan,2007,31.1,231
Tajikistan,2004,45.1,1
Tajikistan,2003,63.3,231
Tajikistan,1999,85,231
Tanzania,2017,76.8,1
Tanzania,2011,79.5,1
Tanzania,2007,83.8,1
Tanzania,2000,96.3,1
Tanzania,1991,91.4,1
Thailand,2018,0.5,220
Thailand,2017,0.4,220
Thailand,2016,0.6,220
Thailand,2015,0.5,220
Thailand,2014,0.9,220
Thailand,2013,1.1,220
Thailand,2012,1.4,220
Thailand,2011,1.3,220
Thailand,2010,2.4,220
Thailand,2009,2.9,220
Thailand,2008,3.4,220
Thailand,2007,4.3,220
Thailand,2006,6.1,220
Thailand,2004,8.7,220
Thailand,2002,11.8,220
Thailand,2000,18.3,220
Thailand,1999,18.1,220
Thailand,1998,14.3,220
Thailand,1996,15,220
Thailand,1994,19.2,220
Thailand,1992,28.8,220
Thailand,1990,35.9,220
Thailand,1988,39.6,232
Thailand,1981,42.8,232
The Gambia,2015,38.4,233
The Gambia,2010,53.5,233
The Gambia,2003,69.8,94
The Gambia,1998,86.9,234
Timor-Leste,2014,65.9,235
Timor-Leste,2007,77.3,235
Timor-Leste,2001,69.9,231
Togo,2015,74.2,30
Togo,2011,75.9,30
Togo,2006,78.3,30
Tonga,2015,7.5,21
Tonga,2009,8.9,21
Tonga,2001,8.4,21
Trinidad and Tobago,1992,12.5,236
Trinidad and Tobago,1988,7.9,237
Tunisia,2015,3,238
Tunisia,2010,9.2,238
Tunisia,2005,15.2,238
Tunisia,2000,22.9,239
Tunisia,1995,31.7,239
Tunisia,1990,30.5,240
Tunisia,1985,37.9,240
Turkey,2018,1.4,90
Turkey,2017,1.5,90
Turkey,2016,1.6,90
Turkey,2015,2.4,90
Turkey,2014,2.1,90
Turkey,2013,2.7,90
Turkey,2012,3.1,90
Turkey,2011,4,90
Turkey,2010,4.3,90
Turkey,2009,4.6,90
Turkey,2008,5.5,90
Turkey,2007,6.4,90
Turkey,2006,7.9,90
Turkey,2005,9.4,90
Turkey,2004,9.7,90
Turkey,2003,14.5,90
Turkey,2002,12,90
Turkey,1994,14.2,241
Turkey,1987,13.2,241
Turkmenistan,1998,76.1,242
Tuvalu,2010,17.6,21
Uganda,2016,69.8,243
Uganda,2012,67.3,243
Uganda,2009,72.9,243
Uganda,2005,79.8,243
Uganda,2002,84.8,243
Uganda,1999,86.9,244
Uganda,1996,85.7,244
Uganda,1992,86.7,244
Uganda,1989,80.5,146
Ukraine,2018,0.4,245
Ukraine,2017,0.3,245
Ukraine,2016,0.4,245
Ukraine,2015,0.5,245
Ukraine,2014,0.1,245
Ukraine,2013,0.1,245
Ukraine,2012,0.2,245
Ukraine,2011,0.2,245
Ukraine,2010,0.2,245
Ukraine,2009,0.5,245
Ukraine,2008,0.3,245
Ukraine,2007,0.9,245
Ukraine,2006,1.4,245
Ukraine,2005,2.2,245
Ukraine,2004,4.8,245
Ukraine,2003,6,245
Ukraine,2002,10.3,245
Ukraine,1996,20.8,21
Ukraine,1995,18.7,39
Ukraine,1993,8,246
Ukraine,1992,11.6,246
United Arab Emirates,2014,0,247
United Kingdom,2016,0.3,17
United Kingdom,2015,0.3,17
United Kingdom,2014,0.3,17
United Kingdom,2013,0.2,17
United Kingdom,2012,0.2,17
United Kingdom,2011,0.5,17
United Kingdom,2010,0.3,17
United Kingdom,2009,0.3,17
United Kingdom,2008,0.5,17
United Kingdom,2007,0.5,17
United Kingdom,2006,0.4,17
United Kingdom,2005,0.8,17
United Kingdom,2004,0.6,17
United Kingdom,1999,0.5,248
United Kingdom,1995,1.2,249
United Kingdom,1994,0.5,248
United Kingdom,1991,0.5,249
United Kingdom,1986,1.2,249
United Kingdom,1979,0.5,249
United Kingdom,1974,0.2,249
United Kingdom,1969,0.5,249
United States,2016,1.2,250
United States,2013,1.2,250
United States,2010,1.2,250
United States,2007,1.2,250
United States,2004,1.2,250
United States,2000,0.7,251
United States,1997,0.7,251
United States,1994,0.7,251
United States,1991,0.7,251
United States,1986,0.7,251
United States,1979,0.7,251
United States,1974,1,251
Upper middle income,2018,6.4,
Upper middle income,2017,7.3,
Upper middle income,2016,8.5,
Upper middle income,2015,9.5,
Upper middle income,2014,11.3,
Upper middle income,2013,12.9,
Upper middle income,2012,17.4,
Upper middle income,2011,19.4,
Upper middle income,2010,22.6,
Upper middle income,2009,25.1,
Upper middle income,2008,26.9,
Upper middle income,2007,28.6,
Upper middle income,2006,31.5,
Upper middle income,2005,33.5,
Upper middle income,2004,37.4,
Upper middle income,2003,40.8,
Upper middle income,2002,42.8,
Upper middle income,2001,46.3,
Upper middle income,2000,48.4,
Upper middle income,1999,51.3,
Upper middle income,1998,52.7,
Upper middle income,1997,53,
Upper middle income,1996,53.9,
Upper middle income,1995,55.8,
Upper middle income,1994,58,
Upper middle income,1993,60.2,
Upper middle income,1992,61.8,
Upper middle income,1991,63.1,
Upper middle income,1990,63.4,
Upper middle income,1989,63.6,
Upper middle income,1988,61.9,
Upper middle income,1987,63.6,
Upper middle income,1986,64.4,
Upper middle income,1985,66.6,
Upper middle income,1984,67.9,
Upper middle income,1983,69.2,
Upper middle income,1982,69,
Upper middle income,1981,69.2,
Uruguay,2018,0.4,33
Uruguay,2017,0.4,33
Uruguay,2016,0.6,33
Uruguay,2015,0.7,33
Uruguay,2014,0.7,33
Uruguay,2013,0.9,33
Uruguay,2012,1.1,33
Uruguay,2011,1,33
Uruguay,2010,1.3,33
Uruguay,2009,1.8,33
Uruguay,2008,1.8,33
Uruguay,2007,3,33
Uruguay,2006,3.7,33
Uruguay,2005,4.7,33
Uruguay,2004,5.8,33
Uruguay,2003,4.4,33
Uruguay,2002,3.3,33
Uruguay,2001,2.5,33
Uruguay,2000,2.1,33
Uruguay,1998,2.8,33
Uruguay,1997,2.8,33
Uruguay,1996,3,33
Uruguay,1995,2.5,33
Uruguay,1992,2.2,33
Uruguay,1989,,86
Uruguay,1981,,36
Uzbekistan,2003,86.2,141
Uzbekistan,2002,85.6,141
Uzbekistan,2000,86.5,141
Uzbekistan,1998,65.3,141
Vanuatu,2010,39.4,21
Venezuela,2006,18.1,252
Venezuela,2005,29.2,252
Venezuela,2004,34.5,252
Venezuela,2003,39.9,252
Venezuela,2002,33.5,252
Venezuela,2001,23.9,252
Venezuela,1999,25.7,252
Venezuela,1998,24.9,252
Venezuela,1995,23.1,252
Venezuela,1992,11.4,252
Venezuela,1989,13.7,252
Venezuela,1987,19,253
Venezuela,1981,17.4,253
Vietnam,2018,6.8,254
Vietnam,2016,8.1,254
Vietnam,2014,11,254
Vietnam,2012,13,254
Vietnam,2010,16.8,254
Vietnam,2008,45.9,254
Vietnam,2006,50.6,254
Vietnam,2004,59.3,254
Vietnam,2002,70.1,254
Vietnam,1998,70.4,255
Vietnam,1992,79.6,255
West Bank and Gaza,2016,4.5,256
West Bank and Gaza,2011,3,256
West Bank and Gaza,2010,3.2,256
West Bank and Gaza,2009,2.6,256
West Bank and Gaza,2007,7.4,256
West Bank and Gaza,2006,3.9,256
West Bank and Gaza,2005,5,256
West Bank and Gaza,2004,4.8,256
World,2017,24.1,82
World,2016,25.4,82
World,2015,26.6,82
World,2014,27.8,82
World,2013,29.1,82
World,2012,31.4,82
World,2011,32.9,82
World,2010,35.4,82
World,2009,37.4,82
World,2008,38.5,82
World,2007,39.5,82
World,2006,41.2,82
World,2005,42.3,82
World,2004,44.5,82
World,2003,46.3,82
World,2002,47.3,82
World,2001,48.7,82
World,2000,49.5,82
World,1999,50.8,82
World,1998,51.3,82
World,1997,51.4,82
World,1996,51.9,82
World,1995,52.9,82
World,1994,54.1,82
World,1993,54.8,82
World,1992,55.2,82
World,1991,55.7,82
World,1990,55.5,82
World,1989,55.5,82
World,1988,54.7,82
World,1987,55.6,82
World,1986,55.8,82
World,1985,56.6,82
World,1984,57.2,82
World,1983,57.6,82
World,1982,57.4,82
World,1981,57.2,82
Yemen,2014,51.2,141
Yemen,2005,37.7,141
Yemen,1998,26.9,141
Zambia,2015,75.4,257
Zambia,2010,80.8,258
Zambia,2006,78.9,259
Zambia,2004,76.5,260
Zambia,2002,78.1,261
Zambia,1998,67,262
Zambia,1996,66.5,263
Zambia,1993,75.3,146
Zambia,1991,70.1,1
Zimbabwe,2017,61,264
Zimbabwe,2011,47.2,265
